[
    {
        "id": 1,
        "image": "http://alegriamichoacana.somee.com/i1.jpg",
        "descripcion": "Cacahuates sazonados con una mezcla de chiles y condimentos, perfectos como snack."
    },
    {
        "id": 2,
        "image": "http://alegriamichoacana.somee.com/i2.jpg",
        "descripcion": "Refrescante bebida de tomate con un toque de especias, ideal para acompañar mariscos o bebidas."
    },
    {
        "id": 3,
        "image": "http://alegriamichoacana.somee.com/i3.jpg",
        "descripcion": "Pepino relleno de ingredientes frescos, como jícama y zanahoria, acompañado de salsas picantes."
    }
]